framework,model,site,params,bit_len,prove_s,verify_s,inference_s,context_s,proof_kb,peak_mem_mb,wall_s,affine_recon_err,mse_float,verified
deepprove,linear,0,4632,12,0.522,0.009,0.001,0.222,40.033203125,4174.6,3.025,1.862645149230957e-07,0.075062,True
deepprove,linear,1,4632,12,0.525,0.008,0.0,0.223,40.033203125,4174.6,0.828,3.5762786865234375e-07,0.061659,True
deepprove,linear,2,4632,12,0.726,0.017,0.0,0.227,40.033203125,4174.8,1.06,5.960464477539063e-08,0.001792,True
deepprove,linear,3,4632,12,1.008,0.021,0.001,0.323,40.033203125,4174.8,1.454,4.76837158203125e-07,0.055173,True
deepprove,linear,4,4632,12,0.853,0.017,0.001,0.38,40.033203125,4174.6,1.376,4.172325134277344e-07,0.042631,True
deepprove,linear,5,4632,12,0.881,0.018,0.001,0.374,40.033203125,4174.6,1.395,2.384185791015625e-07,0.029422,True
deepprove,linear,6,4632,12,0.858,0.018,0.001,0.367,40.033203125,4174.6,1.363,5.960464477539063e-08,0.005763,True
deepprove,linear,7,4632,12,1.03,0.018,0.001,0.458,40.033203125,4174.8,1.628,2.384185791015625e-07,0.068101,True
deepprove,linear,8,4632,12,0.851,0.018,0.001,0.353,40.033203125,4174.6,1.335,3.5762786865234375e-07,0.232582,True
deepprove,linear,9,4632,12,0.869,0.019,0.001,0.374,40.033203125,4174.6,1.379,3.5762786865234375e-07,0.292855,True
deepprove,linear,10,4632,12,1.073,0.017,0.001,0.374,40.033203125,4174.6,1.586,2.980232238769531e-07,0.072157,True
deepprove,linear,11,4632,12,0.862,0.017,0.001,0.388,40.033203125,4174.6,1.376,7.152557373046875e-07,0.104958,True
deepprove,linear,12,4632,12,0.845,0.018,0.001,0.345,40.033203125,4174.8,1.325,2.384185791015625e-07,0.038583,True
deepprove,linear,13,4632,12,0.869,0.019,0.001,0.383,40.033203125,3918.6,1.389,4.172325134277344e-07,0.026552,True
deepprove,linear,14,4632,12,0.907,0.018,0.001,0.471,40.033203125,4174.6,1.514,3.5762786865234375e-07,0.021603,True
deepprove,linear,15,4632,12,1.085,0.021,0.001,0.44,40.033203125,4174.6,1.687,4.172325134277344e-07,0.059496,True
deepprove,linear,16,4632,12,0.908,0.018,0.001,0.454,40.033203125,4174.6,1.509,3.8743019104003906e-07,0.099062,True
deepprove,linear,17,4632,12,1.02,0.017,0.001,0.569,40.033203125,4174.6,1.725,2.384185791015625e-07,0.270306,True
deepprove,linear,18,4632,12,0.84,0.017,0.001,0.356,40.033203125,4174.6,1.331,3.5762786865234375e-07,0.036459,True
deepprove,linear,19,4632,12,0.871,0.017,0.001,0.364,40.033203125,4174.7,1.364,9.5367431640625e-07,0.059094,True
deepprove,linear,20,4632,12,1.09,0.018,0.001,0.41,40.033203125,4174.6,1.638,4.76837158203125e-07,0.114904,True
deepprove,linear,21,4632,12,0.817,0.017,0.001,0.38,40.033203125,4174.6,1.331,3.5762786865234375e-07,0.081298,True
deepprove,linear,22,4632,12,0.878,0.017,0.001,0.359,40.033203125,4174.6,1.368,3.5762786865234375e-07,0.053521,True
deepprove,linear,23,4632,12,1.007,0.017,0.001,0.7,40.033203125,4174.6,1.841,2.384185791015625e-07,0.080005,True
deepprove,linear,24,4632,12,0.846,0.017,0.001,0.394,40.033203125,4174.6,1.379,2.980232238769531e-07,0.016127,True
deepprove,linear,25,4632,12,0.853,0.016,0.001,0.391,40.033203125,4174.6,1.378,4.76837158203125e-07,0.014315,True
deepprove,linear,26,4632,12,0.857,0.016,0.001,0.358,40.033203125,4174.6,1.349,2.384185791015625e-07,0.03792,True
deepprove,linear,27,4632,12,0.991,0.017,0.001,0.435,40.033203125,4174.6,1.566,3.5762786865234375e-07,0.102923,True
deepprove,linear,28,4632,12,0.814,0.018,0.001,0.358,40.033203125,4174.6,1.311,3.5762786865234375e-07,0.045124,True
deepprove,linear,29,4632,12,0.857,0.018,0.001,0.36,40.033203125,4174.6,1.348,7.748603820800781e-07,0.293817,True
deepprove,linear,30,4632,12,0.957,0.021,0.001,0.378,40.033203125,4174.6,1.474,4.172325134277344e-07,0.084014,True
deepprove,linear,31,4632,12,0.857,0.018,0.001,0.394,40.033203125,4174.6,1.389,4.76837158203125e-07,0.045208,True
deepprove,linear,32,4632,12,0.833,0.018,0.001,0.364,40.033203125,4174.6,1.331,7.152557373046875e-07,0.054178,True
deepprove,linear,33,4632,12,0.857,0.016,0.001,0.368,40.033203125,4174.6,1.36,1.7881393432617188e-07,0.115045,True
deepprove,linear,34,4632,12,1.012,0.016,0.001,0.432,40.033203125,4174.6,1.581,4.76837158203125e-07,0.070449,True
deepprove,linear,35,4632,12,0.865,0.019,0.001,0.418,40.033203125,4174.6,1.415,5.960464477539062e-07,0.045274,True
deepprove,linear,36,4632,12,0.83,0.019,0.001,0.353,40.033203125,4174.6,1.315,6.556510925292969e-07,0.027042,True
deepprove,linear,37,4632,12,0.966,0.019,0.001,0.385,40.033203125,4174.6,1.484,2.384185791015625e-07,0.044702,True
deepprove,linear,38,4632,12,0.853,0.017,0.001,0.437,40.033203125,4174.6,1.429,2.980232238769531e-07,0.156644,True
deepprove,linear,39,4632,12,0.922,0.017,0.001,0.385,40.033203125,4174.6,1.441,3.5762786865234375e-07,0.105172,True
deepprove,linear,40,4632,12,0.82,0.017,0.001,0.361,40.033203125,4174.6,1.319,3.5762786865234375e-07,0.067977,True
deepprove,linear,41,4632,12,1.023,0.018,0.001,0.507,40.033203125,4174.6,1.664,3.5762786865234375e-07,0.044124,True
deepprove,linear,42,4632,12,0.795,0.019,0.001,0.357,40.033203125,4174.6,1.282,4.76837158203125e-07,0.195892,True
deepprove,linear,43,4632,12,1.079,0.04,0.001,0.37,40.033203125,4174.6,1.615,3.5762786865234375e-07,0.051239,True
deepprove,linear,44,4632,12,1.064,0.016,0.001,0.351,40.033203125,4174.6,1.552,2.980232238769531e-07,0.032704,True
deepprove,linear,45,4632,12,0.868,0.017,0.001,0.397,40.033203125,4174.6,1.395,3.5762786865234375e-07,0.030838,True
deepprove,linear,46,4632,12,0.863,0.017,0.001,0.358,40.033203125,4174.6,1.352,3.5762786865234375e-07,0.032858,True
deepprove,linear,47,4632,12,0.919,0.02,0.001,0.365,40.033203125,4174.6,1.42,4.76837158203125e-07,0.034882,True
deepprove,linear,48,4632,12,0.871,0.018,0.002,0.484,40.033203125,4174.6,1.497,4.172325134277344e-07,0.051145,True
deepprove,linear,49,4632,12,0.822,0.017,0.001,0.35,40.033203125,4174.6,1.307,2.384185791015625e-07,0.055309,True
deepprove,linear,50,4632,12,0.848,0.018,0.001,0.365,40.033203125,4174.6,1.34,2.5331974029541016e-07,0.220933,True
deepprove,linear,51,4632,12,1.093,0.017,0.001,0.36,40.033203125,4174.6,1.584,2.384185791015625e-07,0.06135,True
deepprove,linear,52,4632,12,0.83,0.017,0.001,0.371,40.033203125,4174.6,1.334,4.76837158203125e-07,0.116892,True
deepprove,linear,53,4632,12,0.81,0.018,0.001,0.385,40.033203125,4174.6,1.323,2.384185791015625e-07,0.032477,True
deepprove,linear,54,4632,12,0.8,0.018,0.001,0.352,40.033203125,4174.6,1.286,3.5762786865234375e-07,0.034869,True
deepprove,linear,55,4632,12,0.916,0.017,0.001,0.514,40.033203125,4174.6,1.57,4.76837158203125e-07,0.077035,True
deepprove,linear,56,4632,12,0.798,0.017,0.001,0.359,40.033203125,4174.6,1.292,2.980232238769531e-07,0.160414,True
deepprove,linear,57,4632,12,0.842,0.017,0.001,0.374,40.033203125,4174.6,1.346,4.76837158203125e-07,0.005577,True
deepprove,linear,58,4632,12,1.004,0.019,0.001,0.352,40.033203125,4174.6,1.494,3.2782554626464844e-07,0.035944,True
deepprove,linear,59,4632,12,0.853,0.019,0.001,0.385,40.033203125,4174.6,1.373,2.384185791015625e-07,0.019565,True
deepprove,linear,60,4632,12,0.804,0.018,0.001,0.358,40.033203125,4174.6,1.3,2.086162567138672e-07,0.0906,True
deepprove,linear,61,4632,12,0.798,0.019,0.001,0.359,40.033203125,4174.6,1.29,3.5762786865234375e-07,0.08174,True
deepprove,linear,62,4632,12,1.019,0.017,0.001,0.524,40.033203125,4174.6,1.671,4.76837158203125e-07,0.057473,True
deepprove,linear,63,4632,12,0.831,0.017,0.001,0.355,40.033203125,4174.6,1.316,3.5762786865234375e-07,0.046774,True
deepprove,linear,64,4632,12,1.239,0.017,0.001,0.352,40.033203125,4174.6,1.722,3.5762786865234375e-07,0.03891,True
deepprove,linear,65,4632,12,1.053,0.017,0.001,0.366,40.033203125,4174.6,1.576,3.5762786865234375e-07,0.071572,True
deepprove,linear,66,4632,12,0.814,0.018,0.001,0.384,40.033203125,4174.6,1.331,2.384185791015625e-07,0.030108,True
deepprove,linear,67,4632,12,0.867,0.017,0.001,0.389,40.033203125,4174.6,1.396,3.5762786865234375e-07,0.036497,True
deepprove,linear,68,4632,12,0.981,0.022,0.001,0.372,40.033203125,4174.6,1.501,7.152557373046875e-07,0.036199,True
deepprove,linear,69,4632,12,0.833,0.017,0.001,0.462,40.033203125,4174.6,1.445,3.5762786865234375e-07,0.026187,True
deepprove,linear,70,4632,12,0.814,0.019,0.001,0.375,40.033203125,4174.6,1.331,4.76837158203125e-07,0.044695,True
deepprove,linear,71,4632,12,1.011,0.016,0.001,0.404,40.033203125,4174.6,1.547,7.152557373046875e-07,0.078514,True
deepprove,linear,72,4632,12,1.326,0.02,0.001,0.49,40.033203125,4174.6,1.968,4.76837158203125e-07,0.045087,True
deepprove,linear,73,4632,12,1.156,0.02,0.002,0.614,40.033203125,4174.6,1.945,4.76837158203125e-07,0.048241,True
deepprove,linear,74,4632,12,1.333,0.021,0.001,0.446,40.033203125,4174.6,1.936,2.384185791015625e-07,0.040306,True
deepprove,linear,75,4632,12,1.103,0.019,0.001,0.519,40.033203125,4174.6,1.771,9.5367431640625e-07,0.131507,True
deepprove,linear,76,4632,12,0.952,0.021,0.001,0.453,40.033203125,4174.6,1.55,2.384185791015625e-07,0.037746,True
deepprove,linear,77,4632,12,1.31,0.019,0.001,0.42,40.033203125,4174.6,1.872,5.960464477539062e-07,0.039811,True
deepprove,linear,78,4632,12,1.063,0.018,0.001,0.561,40.033203125,4174.6,1.784,3.5762786865234375e-07,0.055935,True
deepprove,linear,79,4632,12,0.967,0.017,0.001,0.434,40.033203125,4174.6,1.536,2.682209014892578e-07,0.044693,True
deepprove,linear,80,4632,12,1.287,0.018,0.001,0.458,40.033203125,4174.6,1.876,4.76837158203125e-07,0.032694,True
deepprove,linear,81,4632,12,0.985,0.017,0.001,0.493,40.033203125,4174.6,1.635,4.76837158203125e-07,0.042757,True
deepprove,linear,82,4632,12,1.477,0.02,0.001,0.418,40.033203125,4174.8,2.031,7.152557373046875e-07,0.327277,True
deepprove,linear,83,4632,12,0.939,0.018,0.001,0.647,40.033203125,4174.6,1.733,4.76837158203125e-07,0.794174,True
deepprove,linear,84,4632,12,1.199,0.019,0.001,0.458,40.033203125,4174.6,1.799,1.1920928955078125e-07,0.320256,True
deepprove,linear,85,4632,12,1.612,0.025,0.001,0.561,40.033203125,4174.6,2.328,4.172325134277344e-07,0.005328,True
deepprove,linear,86,4632,12,1.186,0.019,0.001,0.564,40.033203125,4174.6,1.912,2.384185791015625e-07,0.090131,True
deepprove,linear,87,4632,12,0.918,0.02,0.001,0.529,40.033203125,4174.6,1.61,1.0728836059570312e-06,0.13348,True
deepprove,linear,88,4632,12,0.955,0.018,0.001,0.497,40.033203125,4174.8,1.589,2.384185791015625e-07,0.004253,True
deepprove,linear,89,4632,12,0.875,0.017,0.001,0.361,40.033203125,4174.6,1.37,3.5762786865234375e-07,0.004946,True
deepprove,linear,90,4632,12,0.839,0.019,0.001,0.395,40.033203125,4174.6,1.366,2.384185791015625e-07,0.006926,True
deepprove,linear,91,4632,12,1.129,0.017,0.001,0.351,40.033203125,4174.6,1.611,3.5762786865234375e-07,0.001389,True
deepprove,linear,92,4632,12,0.996,0.018,0.004,0.389,40.033203125,4174.6,1.522,3.5762786865234375e-07,0.059579,True
deepprove,linear,93,4632,12,0.853,0.016,0.001,0.456,40.033203125,4174.6,1.44,2.384185791015625e-07,0.002678,True
deepprove,linear,94,4632,12,0.958,0.017,0.001,0.387,40.033203125,4174.6,1.474,2.980232238769531e-07,0.002658,True
deepprove,linear,95,4632,12,0.823,0.018,0.001,0.411,40.033203125,4174.6,1.369,3.5762786865234375e-07,0.026112,True
deepprove,linear,96,4632,12,0.853,0.018,0.001,0.379,40.033203125,4174.6,1.362,9.5367431640625e-07,0.100803,True
deepprove,linear,97,4632,12,0.795,0.016,0.001,0.35,40.033203125,4174.6,1.275,2.980232238769531e-07,0.033234,True
deepprove,linear,98,4632,12,1.134,0.016,0.001,0.425,40.033203125,4174.6,1.692,4.172325134277344e-07,0.043105,True
deepprove,linear,99,4632,12,0.837,0.018,0.001,0.354,40.033203125,4174.6,1.32,9.5367431640625e-07,0.084495,True
deepprove,linear,100,4632,12,1.166,0.023,0.001,0.377,40.033203125,4174.6,1.685,2.384185791015625e-07,0.026937,True
deepprove,linear,101,4632,12,1.069,0.017,0.001,0.361,40.033203125,4174.7,1.564,4.76837158203125e-07,0.018674,True
deepprove,linear,102,4632,12,0.892,0.018,0.001,0.393,40.033203125,4174.6,1.417,3.5762786865234375e-07,0.068383,True
deepprove,linear,103,4632,12,0.831,0.017,0.001,0.367,40.033203125,4174.6,1.331,4.172325134277344e-07,0.072589,True
deepprove,linear,104,4632,12,0.888,0.022,0.001,0.383,40.033203125,4174.6,1.408,3.5762786865234375e-07,0.015366,True
deepprove,linear,105,4632,12,0.879,0.019,0.001,0.48,40.033203125,4174.6,1.497,4.76837158203125e-07,0.030027,True
deepprove,linear,106,4632,12,0.865,0.017,0.001,0.384,40.033203125,4174.6,1.382,3.5762786865234375e-07,0.070379,True
deepprove,linear,107,4632,12,0.797,0.017,0.001,0.354,40.033203125,4174.6,1.28,6.556510925292969e-07,0.181413,True
deepprove,linear,108,4632,12,1.147,0.016,0.001,0.367,40.033203125,4174.6,1.645,4.76837158203125e-07,0.013667,True
deepprove,linear,109,4632,12,0.835,0.021,0.001,0.384,40.033203125,4174.6,1.35,5.960464477539062e-07,0.017589,True
deepprove,linear,110,4632,12,0.844,0.016,0.001,0.361,40.033203125,4174.6,1.337,3.5762786865234375e-07,0.034086,True
deepprove,linear,111,4632,12,0.816,0.021,0.001,0.361,40.033203125,4174.6,1.318,4.76837158203125e-07,0.422608,True
deepprove,linear,112,4632,12,0.923,0.031,0.001,0.466,40.033203125,4174.6,1.54,3.5762786865234375e-07,0.071219,True
deepprove,linear,113,4632,12,0.851,0.016,0.001,0.358,40.033203125,4174.6,1.344,1.7881393432617188e-07,0.086367,True
deepprove,linear,114,4632,12,0.861,0.016,0.001,0.351,40.033203125,4174.6,1.34,1.4901161193847656e-08,0.001248,True
deepprove,linear,115,4632,12,1.09,0.016,0.001,0.388,40.033203125,4174.6,1.609,1.1920928955078125e-07,0.0091,True
deepprove,linear,116,4632,12,0.822,0.016,0.001,0.358,40.033203125,4174.6,1.314,2.384185791015625e-07,0.016648,True
deepprove,linear,117,4632,12,0.852,0.017,0.001,0.362,40.033203125,4174.6,1.348,7.152557373046875e-07,0.202121,True
deepprove,linear,118,4632,12,0.921,0.021,0.001,0.376,40.033203125,4174.6,1.436,7.450580596923828e-08,0.087108,True
deepprove,linear,119,4632,12,0.914,0.016,0.001,0.502,40.033203125,4174.6,1.548,4.76837158203125e-07,0.090284,True
deepprove,linear,120,4632,12,0.809,0.019,0.001,0.378,40.033203125,4174.6,1.32,4.76837158203125e-07,0.016435,True
deepprove,linear,121,4632,12,1.12,0.017,0.001,0.361,40.033203125,4174.6,1.612,2.980232238769531e-07,0.115085,True
deepprove,linear,122,4632,12,1.0,0.017,0.001,0.408,40.033203125,4174.6,1.538,2.384185791015625e-07,0.009679,True
deepprove,linear,123,4632,12,0.828,0.017,0.001,0.407,40.033203125,4174.6,1.366,5.364418029785156e-07,0.101115,True
deepprove,linear,124,4632,12,1.054,0.021,0.001,0.374,40.033203125,4174.6,1.564,4.76837158203125e-07,0.033056,True
deepprove,linear,125,4632,12,1.308,0.017,0.001,0.477,40.033203125,4174.6,1.922,2.384185791015625e-07,0.412059,True
deepprove,linear,126,4632,12,1.072,0.019,0.001,0.367,40.033203125,4174.6,1.584,4.76837158203125e-07,0.017744,True
deepprove,linear,127,4632,12,0.835,0.018,0.001,0.386,40.033203125,4174.7,1.358,4.76837158203125e-07,0.228605,True
deepprove,linear,128,4632,12,0.945,0.02,0.001,0.367,40.033203125,4174.6,1.448,5.960464477539062e-07,0.779575,True
deepprove,linear,129,4632,12,0.849,0.018,0.001,0.436,40.033203125,4174.6,1.425,4.76837158203125e-07,0.172225,True
deepprove,linear,130,4632,12,0.86,0.019,0.001,0.362,40.033203125,4174.6,1.355,4.172325134277344e-07,0.752958,True
deepprove,linear,131,4632,12,0.803,0.018,0.001,0.359,40.033203125,4174.6,1.294,2.980232238769531e-07,0.132432,True
deepprove,linear,132,4632,12,1.046,0.017,0.001,0.41,40.033203125,4174.6,1.589,4.76837158203125e-07,0.064522,True
deepprove,linear,133,4632,12,0.847,0.017,0.001,0.425,40.033203125,4174.6,1.407,7.152557373046875e-07,0.103861,True
deepprove,linear,134,4632,12,0.799,0.019,0.001,0.365,40.033203125,4174.6,1.297,5.960464477539062e-07,0.045053,True
deepprove,linear,135,4632,12,0.997,0.019,0.001,0.355,40.033203125,4110.6,1.49,5.960464477539062e-07,0.100545,True
deepprove,linear,136,4632,12,0.852,0.018,0.001,0.403,40.033203125,4174.6,1.41,5.960464477539062e-07,0.017096,True
deepprove,linear,137,4632,12,0.811,0.022,0.001,0.351,40.033203125,4174.6,1.295,3.5762786865234375e-07,0.032452,True
deepprove,linear,138,4632,12,0.848,0.018,0.001,0.351,40.033203125,4174.7,1.328,3.5762786865234375e-07,0.016516,True
deepprove,linear,139,4632,12,1.048,0.017,0.001,0.45,40.033203125,4174.6,1.633,3.5762786865234375e-07,0.014685,True
deepprove,linear,140,4632,12,0.862,0.018,0.001,0.373,40.033203125,4174.6,1.364,4.172325134277344e-07,0.072025,True
deepprove,linear,141,4632,12,1.185,0.017,0.001,0.374,40.033203125,4174.6,1.689,3.5762786865234375e-07,0.060308,True
deepprove,linear,142,4632,12,1.083,0.019,0.001,0.359,40.033203125,4174.6,1.572,3.5762786865234375e-07,0.1197,True
deepprove,linear,143,4632,12,0.888,0.021,0.001,0.368,40.033203125,4174.6,1.391,2.384185791015625e-07,0.049128,True
deepprove,linear,144,4632,12,0.843,0.017,0.001,0.359,40.033203125,4174.6,1.333,5.960464477539062e-07,0.08875,True
deepprove,linear,145,4632,12,0.844,0.019,0.001,0.403,40.033203125,4174.6,1.381,4.76837158203125e-07,0.084952,True
deepprove,linear,146,4632,12,0.873,0.017,0.001,0.485,40.033203125,4174.6,1.493,2.384185791015625e-07,0.019246,True
deepprove,linear,147,4632,12,0.84,0.018,0.001,0.398,40.033203125,4174.6,1.37,5.364418029785156e-07,0.075866,True
deepprove,linear,148,4632,12,0.832,0.017,0.001,0.351,40.033203125,4174.6,1.318,3.5762786865234375e-07,0.025212,True
deepprove,linear,149,4632,12,1.053,0.016,0.001,0.348,40.033203125,4174.6,1.528,3.5762786865234375e-07,0.01082,True
deepprove,linear,150,4632,12,0.874,0.016,0.001,0.376,40.033203125,4174.6,1.409,5.960464477539062e-07,0.018225,True
deepprove,linear,151,4632,12,0.841,0.017,0.001,0.358,40.033203125,4174.8,1.329,2.384185791015625e-07,0.02656,True
deepprove,linear,152,4632,12,0.829,0.02,0.001,0.392,40.033203125,4174.6,1.366,4.76837158203125e-07,0.018991,True
deepprove,linear,153,4632,12,0.927,0.023,0.001,0.481,40.033203125,4174.6,1.556,4.76837158203125e-07,0.028612,True
deepprove,linear,154,4632,12,0.797,0.018,0.001,0.356,40.033203125,4174.8,1.285,2.384185791015625e-07,0.094217,True
deepprove,linear,155,4632,12,0.793,0.018,0.001,0.375,40.033203125,4174.6,1.303,4.76837158203125e-07,0.030239,True
deepprove,linear,156,4632,12,1.034,0.018,0.001,0.367,40.033203125,4174.6,1.536,1.7881393432617188e-07,0.082778,True
deepprove,linear,157,4632,12,0.819,0.017,0.001,0.355,40.033203125,4174.6,1.306,3.5762786865234375e-07,0.075933,True
deepprove,linear,158,4632,12,0.845,0.018,0.001,0.406,40.033203125,4174.6,1.383,3.5762786865234375e-07,0.009011,True
deepprove,linear,159,4632,12,0.876,0.017,0.001,0.358,40.033203125,4174.6,1.37,2.384185791015625e-07,0.032265,True
deepprove,linear,160,4632,12,0.97,0.018,0.001,0.441,40.033203125,4174.6,1.549,3.5762786865234375e-07,0.024594,True
deepprove,linear,161,4632,12,0.81,0.018,0.001,0.392,40.033203125,4174.6,1.337,2.384185791015625e-07,0.026126,True
deepprove,linear,162,4632,12,1.128,0.018,0.001,0.35,40.033203125,4174.6,1.61,3.5762786865234375e-07,0.014894,True
deepprove,linear,163,4632,12,1.061,0.017,0.001,0.397,40.033203125,4174.6,1.584,5.960464477539062e-07,0.031928,True
deepprove,linear,164,4632,12,0.835,0.02,0.001,0.373,40.033203125,4174.6,1.344,5.960464477539062e-07,0.022697,True
deepprove,linear,165,4632,12,0.923,0.019,0.001,0.349,40.033203125,4174.6,1.409,4.76837158203125e-07,0.032182,True
deepprove,linear,166,4632,12,0.965,0.019,0.001,0.388,40.033203125,4174.6,1.49,3.5762786865234375e-07,0.039037,True
deepprove,linear,167,4632,12,0.887,0.016,0.001,0.461,40.033203125,4174.6,1.482,7.152557373046875e-07,0.006279,True
deepprove,linear,168,4632,12,0.847,0.018,0.001,0.389,40.033203125,4174.6,1.372,5.960464477539062e-07,0.025075,True
deepprove,linear,169,4632,12,0.831,0.016,0.001,0.357,40.033203125,4174.6,1.319,5.960464477539062e-07,0.037226,True
deepprove,linear,170,4632,12,1.046,0.017,0.001,0.387,40.033203125,4174.6,1.563,3.5762786865234375e-07,0.056633,True
deepprove,linear,171,4632,12,0.831,0.016,0.001,0.386,40.033203125,4174.6,1.341,4.76837158203125e-07,0.034602,True
deepprove,linear,172,4632,12,0.847,0.018,0.001,0.359,40.033203125,4174.6,1.337,4.76837158203125e-07,0.017777,True
deepprove,linear,173,4632,12,0.955,0.02,0.001,0.382,40.033203125,4174.6,1.475,3.5762786865234375e-07,0.03746,True
deepprove,linear,174,4632,12,0.863,0.027,0.001,0.432,40.033203125,4174.6,1.442,2.384185791015625e-07,0.009102,True
deepprove,linear,175,4632,12,0.962,0.018,0.001,0.384,40.033203125,4174.6,1.481,3.5762786865234375e-07,0.007313,True
deepprove,linear,176,4632,12,1.044,0.02,0.001,0.432,40.033203125,4174.6,1.621,2.384185791015625e-07,0.009337,True
deepprove,linear,177,4632,12,0.904,0.018,0.001,0.619,40.033203125,4174.6,1.666,3.5762786865234375e-07,0.01129,True
deepprove,linear,178,4632,12,0.907,0.018,0.001,0.457,40.033203125,4174.6,1.501,4.76837158203125e-07,0.01293,True
deepprove,linear,179,4632,12,0.836,0.017,0.001,0.386,40.033203125,4174.6,1.356,4.76837158203125e-07,0.016782,True
deepprove,linear,180,4632,12,1.056,0.016,0.001,0.392,40.033203125,4174.6,1.579,2.384185791015625e-07,0.013409,True
deepprove,linear,181,4632,12,0.88,0.019,0.001,0.385,40.033203125,4174.6,1.403,2.384185791015625e-07,0.009558,True
deepprove,linear,182,4632,12,1.158,0.017,0.001,0.355,40.033203125,4174.6,1.647,1.7881393432617188e-07,0.000276,True
deepprove,linear,183,4632,12,1.038,0.018,0.001,0.373,40.033203125,4174.6,1.547,4.76837158203125e-07,0.041701,True
deepprove,linear,184,4632,12,0.943,0.017,0.001,0.35,40.033203125,4174.6,1.425,4.172325134277344e-07,0.019403,True
deepprove,linear,185,4632,12,0.845,0.018,0.001,0.381,40.033203125,4174.6,1.358,3.5762786865234375e-07,0.012778,True
deepprove,linear,186,4632,12,0.858,0.019,0.001,0.351,40.033203125,4174.6,1.343,4.76837158203125e-07,0.007074,True
deepprove,linear,187,4632,12,0.927,0.018,0.001,0.49,40.033203125,4174.6,1.552,3.5762786865234375e-07,0.019416,True
deepprove,linear,188,4632,12,0.859,0.016,0.001,0.414,40.033203125,4174.6,1.405,1.1920928955078125e-07,0.263502,True
deepprove,linear,189,4632,12,0.83,0.019,0.001,0.379,40.033203125,4174.6,1.341,3.5762786865234375e-07,0.021377,True
deepprove,linear,190,4632,12,1.085,0.02,0.001,0.365,40.033203125,4174.6,1.583,3.5762786865234375e-07,0.009593,True
deepprove,linear,191,4632,12,0.838,0.02,0.001,0.371,40.033203125,4174.6,1.352,2.384185791015625e-07,0.009209,True
deepprove,linear,192,4632,12,0.812,0.017,0.001,0.357,40.033203125,4174.6,1.302,3.5762786865234375e-07,0.06285,True
deepprove,linear,193,4632,12,0.927,0.021,0.001,0.389,40.033203125,4174.6,1.461,1.1920928955078125e-07,0.014372,True
deepprove,linear,194,4632,12,0.911,0.017,0.001,0.458,40.033203125,4174.6,1.502,3.5762786865234375e-07,0.01437,True
deepprove,linear,195,4632,12,0.871,0.017,0.001,0.369,40.033203125,4174.6,1.368,2.384185791015625e-07,0.156259,True
deepprove,linear,196,4632,12,0.862,0.018,0.001,0.396,40.033203125,4174.6,1.4,3.5762786865234375e-07,0.152014,True
deepprove,linear,197,4632,12,1.087,0.018,0.001,0.37,40.033203125,4174.6,1.587,3.5762786865234375e-07,0.05553,True
deepprove,linear,198,4632,12,0.807,0.018,0.001,0.362,40.033203125,4174.6,1.298,3.5762786865234375e-07,0.016157,True
deepprove,linear,199,4632,12,0.852,0.017,0.001,0.376,40.033203125,4174.6,1.359,4.76837158203125e-07,0.025723,True
deepprove,linear,200,4632,12,0.867,0.02,0.001,0.349,40.033203125,4174.6,1.352,4.76837158203125e-07,0.166822,True
deepprove,linear,201,4632,12,0.909,0.017,0.001,0.476,40.033203125,4174.6,1.513,3.5762786865234375e-07,0.17129,True
deepprove,linear,202,4632,12,0.881,0.016,0.001,0.352,40.033203125,4174.6,1.361,3.5762786865234375e-07,0.011547,True
deepprove,linear,203,4632,12,1.347,0.021,0.001,0.359,40.033203125,4174.6,1.835,3.5762786865234375e-07,0.041798,True
deepprove,linear,204,4632,12,0.987,0.02,0.001,0.451,40.033203125,4174.6,1.586,3.5762786865234375e-07,0.012629,True
deepprove,linear,205,4632,12,0.842,0.018,0.001,0.369,40.033203125,4174.6,1.345,3.5762786865234375e-07,0.025404,True
deepprove,linear,206,4632,12,0.795,0.016,0.001,0.365,40.033203125,4174.6,1.289,7.152557373046875e-07,0.015883,True
deepprove,linear,207,4632,12,1.025,0.02,0.001,0.384,40.033203125,4174.8,1.547,3.5762786865234375e-07,0.021923,True
deepprove,linear,208,4632,12,0.842,0.022,0.001,0.377,40.033203125,4174.6,1.362,4.76837158203125e-07,0.010612,True
deepprove,linear,209,4632,12,0.869,0.017,0.001,0.385,40.033203125,4174.6,1.399,3.5762786865234375e-07,0.041667,True
deepprove,linear,210,4632,12,0.826,0.017,0.001,0.357,40.033203125,4174.6,1.316,3.5762786865234375e-07,0.010328,True
deepprove,linear,211,4632,12,1.017,0.016,0.001,0.452,40.033203125,4174.6,1.596,4.76837158203125e-07,0.017107,True
deepprove,linear,212,4632,12,0.799,0.018,0.001,0.368,40.033203125,4174.6,1.298,4.76837158203125e-07,0.066649,True
deepprove,linear,213,4632,12,0.793,0.019,0.001,0.356,40.033203125,4174.6,1.286,4.172325134277344e-07,0.018303,True
deepprove,linear,214,4632,12,0.939,0.018,0.001,0.351,40.033203125,4174.6,1.424,3.5762786865234375e-07,0.032776,True
deepprove,linear,215,4632,12,0.861,0.019,0.001,0.435,40.033203125,4174.6,1.434,7.152557373046875e-07,0.011708,True
deepprove,linear,216,4632,12,0.873,0.016,0.001,0.406,40.033203125,4174.6,1.419,4.76837158203125e-07,0.026934,True
deepprove,linear,217,4632,12,1.164,0.02,0.001,0.361,40.033203125,4174.8,1.661,5.960464477539062e-07,0.025547,True
deepprove,linear,218,4632,12,1.233,0.018,0.001,0.7,40.033203125,4174.6,2.075,3.5762786865234375e-07,0.040323,True
deepprove,linear,219,4632,12,0.944,0.02,0.001,0.388,40.033203125,4174.6,1.472,5.960464477539062e-07,0.026415,True
deepprove,linear,220,4632,12,0.886,0.018,0.001,0.425,40.033203125,4174.6,1.447,2.384185791015625e-07,0.012848,True
deepprove,linear,221,4632,12,0.91,0.017,0.001,0.472,40.033203125,4174.6,1.513,4.76837158203125e-07,0.02518,True
deepprove,linear,222,4632,12,0.904,0.017,0.001,0.351,40.033203125,4174.6,1.39,3.5762786865234375e-07,0.045405,True
deepprove,linear,223,4632,12,1.222,0.016,0.001,0.368,40.033203125,4174.6,1.72,4.76837158203125e-07,0.073313,True
deepprove,linear,224,4632,12,0.983,0.023,0.001,0.457,40.033203125,4174.6,1.578,3.5762786865234375e-07,0.01255,True
deepprove,linear,225,4632,12,0.875,0.018,0.001,0.425,40.033203125,4174.6,1.435,4.76837158203125e-07,0.03583,True
deepprove,linear,226,4632,12,0.93,0.022,0.001,0.371,40.033203125,4174.7,1.44,5.960464477539062e-07,0.045748,True
deepprove,linear,227,4632,12,1.186,0.016,0.001,0.4,40.033203125,4174.6,1.72,3.5762786865234375e-07,0.192068,True
deepprove,linear,228,4632,12,0.894,0.021,0.001,0.357,40.033203125,4174.6,1.387,4.76837158203125e-07,0.018628,True
deepprove,linear,229,4632,12,0.859,0.017,0.001,0.354,40.033203125,4174.6,1.352,2.384185791015625e-07,0.026582,True
deepprove,linear,230,4632,12,0.864,0.02,0.001,0.391,40.033203125,4174.6,1.393,5.960464477539062e-07,0.038694,True
deepprove,linear,231,4632,12,0.84,0.018,0.001,0.455,40.033203125,4174.6,1.436,3.5762786865234375e-07,0.045253,True
deepprove,linear,232,4632,12,0.814,0.018,0.001,0.387,40.033203125,4174.6,1.337,4.76837158203125e-07,0.04131,True
deepprove,linear,233,4632,12,0.821,0.016,0.001,0.381,40.033203125,4174.6,1.332,4.76837158203125e-07,0.018116,True
deepprove,linear,234,4632,12,1.109,0.018,0.001,0.372,40.033203125,4174.6,1.613,3.5762786865234375e-07,0.043326,True
deepprove,linear,235,4632,12,0.79,0.018,0.001,0.384,40.033203125,4174.6,1.309,5.960464477539062e-07,0.050662,True
deepprove,linear,236,4632,12,0.817,0.017,0.001,0.418,40.033203125,4174.6,1.369,3.5762786865234375e-07,0.112829,True
deepprove,linear,237,4632,12,0.898,0.021,0.001,0.376,40.033203125,4174.6,1.409,3.5762786865234375e-07,0.009059,True
deepprove,linear,238,4632,12,0.852,0.019,0.001,0.464,40.033203125,4174.6,1.452,3.5762786865234375e-07,0.083559,True
deepprove,linear,239,4632,12,0.898,0.016,0.001,0.473,40.033203125,4174.6,1.502,3.5762786865234375e-07,0.011734,True
deepprove,linear,240,4632,12,0.809,0.018,0.001,0.35,40.033203125,4174.6,1.289,4.76837158203125e-07,0.026255,True
deepprove,linear,241,4632,12,1.11,0.016,0.001,0.368,40.033203125,4174.6,1.613,4.172325134277344e-07,0.066332,True
deepprove,linear,242,4632,12,0.85,0.017,0.001,0.356,40.033203125,4174.6,1.336,4.76837158203125e-07,0.029794,True
deepprove,linear,243,4632,12,1.18,0.017,0.001,0.404,40.033203125,4174.6,1.716,5.960464477539062e-07,0.107846,True
deepprove,linear,244,4632,12,0.978,0.019,0.001,0.355,40.033203125,4174.6,1.474,2.384185791015625e-07,0.020953,True
deepprove,linear,245,4632,12,0.887,0.019,0.001,0.403,40.033203125,4174.6,1.425,4.246830940246582e-07,0.056466,True
deepprove,linear,246,4632,12,0.824,0.018,0.001,0.364,40.033203125,4174.6,1.321,2.384185791015625e-07,0.061899,True
deepprove,linear,247,4632,12,0.845,0.017,0.001,0.347,40.033203125,4174.6,1.324,3.5762786865234375e-07,0.027817,True
deepprove,linear,248,4632,12,0.979,0.016,0.003,0.5,40.033203125,4174.6,1.614,5.960464477539062e-07,0.025129,True
deepprove,linear,249,4632,12,0.861,0.019,0.001,0.375,40.033203125,4174.6,1.368,2.384185791015625e-07,0.032855,True
deepprove,linear,250,4632,12,0.832,0.018,0.001,0.377,40.033203125,4174.6,1.349,3.5762786865234375e-07,0.025278,True
deepprove,linear,251,4632,12,1.207,0.016,0.001,0.513,40.033203125,4174.6,1.859,3.5762786865234375e-07,0.025568,True
deepprove,linear,252,4632,12,0.989,0.017,0.001,0.429,40.033203125,4174.6,1.551,3.5762786865234375e-07,0.023245,True
deepprove,linear,253,4632,12,0.854,0.019,0.001,0.402,40.033203125,4174.6,1.39,2.384185791015625e-07,0.009334,True
deepprove,linear,254,4632,12,0.883,0.02,0.001,0.351,40.033203125,4174.6,1.376,4.76837158203125e-07,0.020638,True
deepprove,linear,255,4632,12,0.895,0.016,0.001,0.453,40.033203125,4174.6,1.486,3.5762786865234375e-07,0.037776,True
deepprove,linear,256,4632,12,0.809,0.016,0.001,0.356,40.033203125,4174.6,1.293,3.5762786865234375e-07,0.03765,True
deepprove,linear,257,4632,12,1.097,0.016,0.001,0.364,40.033203125,4174.6,1.598,4.76837158203125e-07,0.024641,True
deepprove,linear,258,4632,12,1.168,0.019,0.001,0.59,40.033203125,4174.6,1.896,2.384185791015625e-07,0.04051,True
deepprove,linear,259,4632,12,1.025,0.018,0.001,0.364,40.033203125,4174.6,1.522,5.960464477539062e-07,0.028029,True
deepprove,linear,260,4632,12,0.806,0.018,0.001,0.395,40.033203125,4174.8,1.332,2.384185791015625e-07,0.079437,True
deepprove,linear,261,4632,12,1.022,0.017,0.001,0.425,40.033203125,4174.6,1.58,3.5762786865234375e-07,0.010887,True
deepprove,linear,262,4632,12,0.786,0.018,0.001,0.395,40.033203125,4174.6,1.314,5.960464477539062e-07,0.019396,True
deepprove,linear,263,4632,12,1.16,0.017,0.001,0.353,40.033203125,4174.6,1.655,2.384185791015625e-07,0.037016,True
deepprove,linear,264,4632,12,1.063,0.019,0.001,0.396,40.033203125,4174.6,1.589,4.76837158203125e-07,0.035376,True
deepprove,linear,265,4632,12,0.889,0.017,0.001,0.385,40.033203125,4174.6,1.402,9.5367431640625e-07,0.016994,True
deepprove,linear,266,4632,12,0.891,0.018,0.001,0.376,40.033203125,4174.6,1.399,2.384185791015625e-07,0.032433,True
deepprove,linear,267,4632,12,0.786,0.02,0.001,0.359,40.033203125,4174.6,1.286,3.5762786865234375e-07,0.013748,True
deepprove,linear,268,4632,12,0.912,0.018,0.001,0.46,40.033203125,4174.6,1.518,3.5762786865234375e-07,0.026342,True
deepprove,linear,269,4632,12,0.846,0.018,0.001,0.381,40.033203125,4174.6,1.365,4.76837158203125e-07,0.016687,True
deepprove,linear,270,4632,12,0.833,0.018,0.001,0.353,40.033203125,4174.6,1.316,3.5762786865234375e-07,0.024354,True
deepprove,linear,271,4632,12,1.033,0.023,0.001,0.399,40.033203125,4174.6,1.583,3.5762786865234375e-07,0.044729,True
deepprove,linear,272,4632,12,0.824,0.018,0.001,0.364,40.033203125,4174.6,1.33,2.384185791015625e-07,0.017016,True
deepprove,linear,273,4632,12,0.901,0.017,0.001,0.341,40.033203125,4174.6,1.373,3.5762786865234375e-07,0.0308,True
deepprove,linear,274,4632,12,0.826,0.018,0.001,0.386,40.033203125,4174.6,1.343,4.76837158203125e-07,0.104596,True
deepprove,linear,275,4632,12,0.981,0.017,0.001,0.466,40.033203125,4174.6,1.582,2.384185791015625e-07,0.085123,True
deepprove,linear,276,4632,12,0.816,0.02,0.0,0.349,40.033203125,4174.6,1.292,4.76837158203125e-07,0.027064,True
deepprove,linear,277,4632,12,0.943,0.016,0.001,0.353,40.033203125,4174.6,1.424,2.384185791015625e-07,0.02955,True
deepprove,linear,278,4632,12,1.102,0.017,0.001,0.398,40.033203125,4174.6,1.631,2.980232238769531e-07,0.016401,True
deepprove,linear,279,4632,12,0.841,0.019,0.001,0.344,40.033203125,4174.6,1.319,2.384185791015625e-07,0.046854,True
deepprove,linear,280,4632,12,0.865,0.017,0.001,0.363,40.033203125,4174.6,1.362,3.5762786865234375e-07,0.027049,True
deepprove,linear,281,4632,12,0.816,0.021,0.001,0.371,40.033203125,4174.6,1.324,4.76837158203125e-07,0.195795,True
deepprove,linear,282,4632,12,0.977,0.019,0.001,0.455,40.033203125,4174.6,1.576,7.152557373046875e-07,0.025277,True
deepprove,linear,283,4632,12,0.799,0.018,0.001,0.352,40.033203125,4174.6,1.285,4.76837158203125e-07,0.011107,True
deepprove,linear,284,4632,12,1.23,0.017,0.001,0.351,40.033203125,4174.6,1.715,5.960464477539062e-07,0.017689,True
deepprove,linear,285,4632,12,1.004,0.017,0.001,0.414,40.033203125,4174.7,1.545,3.5762786865234375e-07,0.00784,True
deepprove,linear,286,4632,12,0.818,0.017,0.001,0.39,40.033203125,4174.6,1.348,3.5762786865234375e-07,0.015587,True
deepprove,linear,287,4632,12,1.019,0.018,0.001,0.471,40.033203125,4174.6,1.63,3.5762786865234375e-07,0.0082,True
deepprove,linear,288,4632,12,1.195,0.02,0.001,0.471,40.033203125,4174.6,1.806,2.384185791015625e-07,0.015914,True
deepprove,linear,289,4632,12,0.953,0.017,0.001,0.39,40.033203125,4174.6,1.475,3.5762786865234375e-07,0.021132,True
deepprove,linear,290,4632,12,0.894,0.019,0.001,0.391,40.033203125,4174.6,1.421,4.76837158203125e-07,0.012761,True
deepprove,linear,291,4632,12,0.92,0.022,0.001,0.353,40.033203125,4174.6,1.414,3.5762786865234375e-07,0.012165,True
deepprove,linear,292,4632,12,0.816,0.018,0.001,0.476,40.033203125,4174.6,1.431,5.960464477539062e-07,0.008781,True
deepprove,linear,293,4632,12,0.836,0.017,0.0,0.366,40.033203125,4174.6,1.333,3.5762786865234375e-07,0.016328,True
deepprove,linear,294,4632,12,0.841,0.021,0.001,0.37,40.033203125,4110.6,1.348,1.7881393432617188e-07,0.027287,True
deepprove,linear,295,4632,12,1.032,0.017,0.001,0.432,40.033203125,4174.6,1.598,2.384185791015625e-07,0.016183,True
deepprove,linear,296,4632,12,0.833,0.017,0.001,0.363,40.033203125,4174.6,1.33,5.960464477539062e-07,0.006301,True
deepprove,linear,297,4632,12,0.883,0.018,0.001,0.375,40.033203125,4174.6,1.396,2.384185791015625e-07,0.00469,True
deepprove,linear,298,4632,12,0.913,0.02,0.001,0.356,40.033203125,4174.6,1.401,4.76837158203125e-07,0.112563,True
deepprove,linear,299,4632,12,0.853,0.017,0.001,0.45,40.033203125,4174.6,1.442,2.980232238769531e-07,0.025423,True
deepprove,linear,300,4632,12,0.81,0.018,0.001,0.366,40.033203125,4174.6,1.31,3.5762786865234375e-07,0.040767,True
deepprove,linear,301,4632,12,0.799,0.017,0.001,0.403,40.033203125,4174.6,1.337,3.5762786865234375e-07,0.029149,True
deepprove,linear,302,4632,12,1.084,0.017,0.001,0.369,40.033203125,4174.6,1.585,4.76837158203125e-07,0.027111,True
deepprove,linear,303,4632,12,0.863,0.018,0.001,0.382,40.033203125,4174.6,1.38,1.7881393432617188e-07,0.024957,True
deepprove,linear,304,4632,12,1.159,0.016,0.001,0.355,40.033203125,4174.6,1.645,5.960464477539062e-07,0.033877,True
deepprove,linear,305,4632,12,1.043,0.019,0.001,0.431,40.033203125,4174.6,1.612,1.7881393432617188e-07,0.024771,True
deepprove,linear,306,4632,12,0.89,0.018,0.001,0.375,40.033203125,4174.6,1.399,5.960464477539062e-07,0.013464,True
deepprove,linear,307,4632,12,0.86,0.019,0.001,0.384,40.033203125,4174.6,1.378,2.384185791015625e-07,0.027818,True
deepprove,linear,308,4632,12,0.838,0.017,0.001,0.354,40.033203125,4174.6,1.326,3.5762786865234375e-07,0.033463,True
deepprove,linear,309,4632,12,0.913,0.018,0.001,0.471,40.033203125,4174.6,1.522,3.5762786865234375e-07,0.020477,True
deepprove,linear,310,4632,12,0.861,0.018,0.001,0.39,40.033203125,4174.6,1.386,2.384185791015625e-07,0.007098,True
deepprove,linear,311,4632,12,0.796,0.019,0.001,0.395,40.033203125,4174.6,1.328,3.5762786865234375e-07,0.028938,True
deepprove,linear,312,4632,12,1.051,0.021,0.001,0.375,40.033203125,4174.6,1.562,3.5762786865234375e-07,0.079533,True
deepprove,linear,313,4632,12,0.836,0.019,0.001,0.39,40.033203125,4174.6,1.368,2.384185791015625e-07,0.004474,True
deepprove,linear,314,4632,12,0.842,0.017,0.001,0.354,40.033203125,4174.6,1.328,3.5762786865234375e-07,0.006754,True
deepprove,linear,315,4632,12,0.821,0.018,0.001,0.355,40.033203125,4174.6,1.306,2.384185791015625e-07,0.025819,True
deepprove,linear,316,4632,12,0.968,0.016,0.001,0.499,40.033203125,4174.6,1.598,2.384185791015625e-07,0.048887,True
deepprove,linear,317,4632,12,0.854,0.016,0.001,0.348,40.033203125,4174.6,1.33,4.172325134277344e-07,0.099897,True
deepprove,linear,318,4632,12,0.882,0.017,0.001,0.38,40.033203125,4174.6,1.392,5.960464477539062e-07,0.100805,True
deepprove,linear,319,4632,12,1.049,0.017,0.001,0.364,40.033203125,4174.6,1.548,8.940696716308594e-07,0.054128,True
deepprove,linear,OT,4632,12,0.84,0.018,0.001,0.361,40.033203125,4174.6,1.335,4.76837158203125e-07,0.074122,True
